index.php	200	3107	text/html; charset=UTF-8		7edd29b4f0cbbd1fb97ea57a7a6565805e8a868435407df9d4083f5053bf492e	Easy Notes <!doctype html> <html lang="en">   <head>     <meta charset="utf-8">     <meta name="viewport" conte
index.php~	404	319	text/html; charset=iso-8859-1		5aa19126ae8339b98af4714c4296b827a725fd59d668db809c45a13a61982653	404 Not Found <!DOCTYPE HTML PUBLIC "-//IETF//DTD HTML 2.0//EN"> <html><head> <title>404 Not Found</title> </head>
index.php.bak	404	322	text/html; charset=iso-8859-1		d8dd13b7aae303fe1a1d39078205828fc435f3c7e8bfbc9472569b02b75b0c11	404 Not Found <!DOCTYPE HTML PUBLIC "-//IETF//DTD HTML 2.0//EN"> <html><head> <title>404 Not Found</title> </head>
index.php.orig	404	323	text/html; charset=iso-8859-1		e076d6bc8ac95118a9cfc583361cdb4bb89af96a03da749ee0b8189bbe3cf7cc	404 Not Found <!DOCTYPE HTML PUBLIC "-//IETF//DTD HTML 2.0//EN"> <html><head> <title>404 Not Found</title> </head>
index.php.save	404	323	text/html; charset=iso-8859-1		546521b61e18b55dab6f019d8ec4fc0f9f898763c9b03b965f28cef8db4153ba	404 Not Found <!DOCTYPE HTML PUBLIC "-//IETF//DTD HTML 2.0//EN"> <html><head> <title>404 Not Found</title> </head>
index.phps	404	319	text/html; charset=iso-8859-1		58cf412cc9ab5ccb8fc3b3eda3cdb59a5b287a448f4b0c6d2bc43f743927e740	404 Not Found <!DOCTYPE HTML PUBLIC "-//IETF//DTD HTML 2.0//EN"> <html><head> <title>404 Not Found</title> </head>
login.php	200	3107	text/html; charset=UTF-8		7edd29b4f0cbbd1fb97ea57a7a6565805e8a868435407df9d4083f5053bf492e	Easy Notes <!doctype html> <html lang="en">   <head>     <meta charset="utf-8">     <meta name="viewport" conte
login.php~	404	319	text/html; charset=iso-8859-1		042996ca8157279384a12abe3c4d9e804cd4f87c4704fb4a59223e09bbecb791	404 Not Found <!DOCTYPE HTML PUBLIC "-//IETF//DTD HTML 2.0//EN"> <html><head> <title>404 Not Found</title> </head>
login.php.bak	404	322	text/html; charset=iso-8859-1		e90db32c899b801a797d087ed4a460812a8fa248efc5511fcf1baf02fd26f1ad	404 Not Found <!DOCTYPE HTML PUBLIC "-//IETF//DTD HTML 2.0//EN"> <html><head> <title>404 Not Found</title> </head>
login.phps	404	319	text/html; charset=iso-8859-1		caa898908f9cd284f39308d093bc20ced8a01ffb45b8a6bc8a3df9616a9787f7	404 Not Found <!DOCTYPE HTML PUBLIC "-//IETF//DTD HTML 2.0//EN"> <html><head> <title>404 Not Found</title> </head>
logout.php	200	2432	text/html; charset=UTF-8		306f563f8455a1f98f923f7e5fab33abbea308d2c37f1e930d2032d2bd92b3ba	Easy Notes <!doctype html> <html lang="en">   <head>     <meta charset="utf-8">     <meta name="viewport" conte
logout.php~	404	320	text/html; charset=iso-8859-1		583a51b8b3aab4f3508c00956202cff1ee9a9daf8e2c0d01ab8000048472fc15	404 Not Found <!DOCTYPE HTML PUBLIC "-//IETF//DTD HTML 2.0//EN"> <html><head> <title>404 Not Found</title> </head>
logout.php.bak	404	323	text/html; charset=iso-8859-1		f7470918840f353a3e505eb942560b2943699038fff3f1561ed0e2f4341d3fb3	404 Not Found <!DOCTYPE HTML PUBLIC "-//IETF//DTD HTML 2.0//EN"> <html><head> <title>404 Not Found</title> </head>
logout.phps	404	320	text/html; charset=iso-8859-1		aa052babf6772169a4a9ac59ee5e83ed129dceb8ed2e6f85609b2ec0028db934	404 Not Found <!DOCTYPE HTML PUBLIC "-//IETF//DTD HTML 2.0//EN"> <html><head> <title>404 Not Found</title> </head>
add.php	200	2432	text/html; charset=UTF-8		306f563f8455a1f98f923f7e5fab33abbea308d2c37f1e930d2032d2bd92b3ba	Easy Notes <!doctype html> <html lang="en">   <head>     <meta charset="utf-8">     <meta name="viewport" conte
add.php~	404	317	text/html; charset=iso-8859-1		a1f95164d027c872b5df5697695da59411ab47b86e8cd513d83802515b7e6173	404 Not Found <!DOCTYPE HTML PUBLIC "-//IETF//DTD HTML 2.0//EN"> <html><head> <title>404 Not Found</title> </head>
add.php.bak	404	320	text/html; charset=iso-8859-1		2da95bdaca70b3e8e4e90ddd2ae73be819c3eb407bae1cd15bca45bbca699d22	404 Not Found <!DOCTYPE HTML PUBLIC "-//IETF//DTD HTML 2.0//EN"> <html><head> <title>404 Not Found</title> </head>
add.phps	404	317	text/html; charset=iso-8859-1		f8e681c39dfb46f1415f2cea4f1e4f389c4d2a8a0ba8e2d7086e3ac0fa2b97e6	404 Not Found <!DOCTYPE HTML PUBLIC "-//IETF//DTD HTML 2.0//EN"> <html><head> <title>404 Not Found</title> </head>
export.php	200	2432	text/html; charset=UTF-8		306f563f8455a1f98f923f7e5fab33abbea308d2c37f1e930d2032d2bd92b3ba	Easy Notes <!doctype html> <html lang="en">   <head>     <meta charset="utf-8">     <meta name="viewport" conte
export.php~	404	320	text/html; charset=iso-8859-1		a6c33acc81e0dae69f2b597a768687dfe1fd3d495c204183bc529256fb71e765	404 Not Found <!DOCTYPE HTML PUBLIC "-//IETF//DTD HTML 2.0//EN"> <html><head> <title>404 Not Found</title> </head>
export.php.bak	404	323	text/html; charset=iso-8859-1		2511303f8f5e5caa130b47b6559d909371495ca2d225e5fb7af63382180c1dee	404 Not Found <!DOCTYPE HTML PUBLIC "-//IETF//DTD HTML 2.0//EN"> <html><head> <title>404 Not Found</title> </head>
export.phps	404	320	text/html; charset=iso-8859-1		7dbbadbb9a561bc9254fd6363b6458e5b0c2d005cd37216f5e0b99907485854a	404 Not Found <!DOCTYPE HTML PUBLIC "-//IETF//DTD HTML 2.0//EN"> <html><head> <title>404 Not Found</title> </head>
flag.php	404	317	text/html; charset=iso-8859-1		5c69df8c6e08ebbf2dfa299449dddab16a9f8c4faeb1c9249d038cac04078343	404 Not Found <!DOCTYPE HTML PUBLIC "-//IETF//DTD HTML 2.0//EN"> <html><head> <title>404 Not Found</title> </head>
flag.php~	404	318	text/html; charset=iso-8859-1		1b63bc0a4c9237640c544b48e887abfed6c1c2a8551cdcc1f699ac4c88898cef	404 Not Found <!DOCTYPE HTML PUBLIC "-//IETF//DTD HTML 2.0//EN"> <html><head> <title>404 Not Found</title> </head>
flag.php.bak	404	321	text/html; charset=iso-8859-1		b2bd66eb6f6256ea1b3158f6aff77124bcd148f1b8aae139b35846cf69baef21	404 Not Found <!DOCTYPE HTML PUBLIC "-//IETF//DTD HTML 2.0//EN"> <html><head> <title>404 Not Found</title> </head>
flag.phps	404	318	text/html; charset=iso-8859-1		c55edbb8cfc5729032484163588efe16e69287ec8241c7f26550d8d59da02475	404 Not Found <!DOCTYPE HTML PUBLIC "-//IETF//DTD HTML 2.0//EN"> <html><head> <title>404 Not Found</title> </head>
admin.php	404	318	text/html; charset=iso-8859-1		75d304cc1dd36db744bae2ece949756f2abead0e938b8f90a004b9135db55c31	404 Not Found <!DOCTYPE HTML PUBLIC "-//IETF//DTD HTML 2.0//EN"> <html><head> <title>404 Not Found</title> </head>
admin.php.bak	404	322	text/html; charset=iso-8859-1		8bd7d5930c8bca71568f0b44ce57388a1b258ba94f94d7f09c17a2a04e7665f9	404 Not Found <!DOCTYPE HTML PUBLIC "-//IETF//DTD HTML 2.0//EN"> <html><head> <title>404 Not Found</title> </head>
config.php	200	0	text/html; charset=UTF-8		e3b0c44298fc1c149afbf4c8996fb92427ae41e4649b934ca495991b7852b855	 
config.php.bak	404	323	text/html; charset=iso-8859-1		be4aca976efaf0c290b417286248d8d8bc44b81bb943e02ed8282fb92313e7c2	404 Not Found <!DOCTYPE HTML PUBLIC "-//IETF//DTD HTML 2.0//EN"> <html><head> <title>404 Not Found</title> </head>
config.inc.php	404	323	text/html; charset=iso-8859-1		80d9a87517d83b1c07b64f10a16f210955a9bbfe6c5fca99d6fd76a9f025d3d8	404 Not Found <!DOCTYPE HTML PUBLIC "-//IETF//DTD HTML 2.0//EN"> <html><head> <title>404 Not Found</title> </head>
home.php	404	317	text/html; charset=iso-8859-1		1be50ba9960891c36befed617c2cd7cc4c5d42d16694d335c728a4b474e4cacd	404 Not Found <!DOCTYPE HTML PUBLIC "-//IETF//DTD HTML 2.0//EN"> <html><head> <title>404 Not Found</title> </head>
notes.php	404	318	text/html; charset=iso-8859-1		d4090f309ddaf37ecf09645ecc2b23317574379c4d2b9c9df5e1cbbe6cbd22c4	404 Not Found <!DOCTYPE HTML PUBLIC "-//IETF//DTD HTML 2.0//EN"> <html><head> <title>404 Not Found</title> </head>
note.php	404	317	text/html; charset=iso-8859-1		9cdf0c4f23934a31e76295585518600d3c77a37656b9074ec1e011668fc18f42	404 Not Found <!DOCTYPE HTML PUBLIC "-//IETF//DTD HTML 2.0//EN"> <html><head> <title>404 Not Found</title> </head>
delete.php	200	2432	text/html; charset=UTF-8		306f563f8455a1f98f923f7e5fab33abbea308d2c37f1e930d2032d2bd92b3ba	Easy Notes <!doctype html> <html lang="en">   <head>     <meta charset="utf-8">     <meta name="viewport" conte
pages	403	326	text/html; charset=iso-8859-1		72230bdf4524c879d78e6090eabd76d2e87a7001bab359bdfdf729a40c9c27da	403 Forbidden <!DOCTYPE HTML PUBLIC "-//IETF//DTD HTML 2.0//EN"> <html><head> <title>403 Forbidden</title> </head>
pages/	403	326	text/html; charset=iso-8859-1		72230bdf4524c879d78e6090eabd76d2e87a7001bab359bdfdf729a40c9c27da	403 Forbidden <!DOCTYPE HTML PUBLIC "-//IETF//DTD HTML 2.0//EN"> <html><head> <title>403 Forbidden</title> </head>
pages/home.php	200	548	text/html; charset=UTF-8		aaabff4cacdbd3cdc17dde6f4fc681ff0f831af4aa3cae77247f67f5c3f0ac54	       <section class="jumbotron">         <h1>Easy Notes</h1>         <p class="lead">Easy Notes is 
pages/notes.php	200	213	text/html; charset=UTF-8		08bc607e5883f3b834a8a612027f285880dee01eb7284177a42440fa90874fb1	 <br /> <b>Fatal error</b>:  Uncaught Error: Call to undefined function get_notes() in /var/www/html/
pages/note.php	200	211	text/html; charset=UTF-8		47a92845061271c9fd0271fdc2ca51bd87e639a4348fbe38d83d93403f2f857f	 <br /> <b>Fatal error</b>:  Uncaught Error: Call to undefined function get_notes() in /var/www/html/
pages/add.php	200	634	text/html; charset=UTF-8		68be9cf3530d03e783b1288e381c4a8947ef43b30005969dfb97483c54ae32fd	       <section>         <h2>Add note</h2>         <form action="add.php" method="POST">           <d
pages/flag.php	200	274	text/html; charset=UTF-8		70120cddd9b8fd0eb1c80d7998c436d49d358a3edca43fae0519f3f1507f607d	       <section>         <h2>Get flag</h2>         <p>           <br /> <b>Fatal error</b>:  Uncaught
pages/delete.php	200	215	text/html; charset=UTF-8		3ad7d6ef3970946dd7315b388b0be34458fe210c2e6c844b6f46f96eee24cb44	 <br /> <b>Fatal error</b>:  Uncaught Error: Call to undefined function get_notes() in /var/www/html/
pages/login.php	200	531	text/html; charset=UTF-8		7ce8e88a4d595b06e14a79b715a2a59fb647bee8d23806e1a3f3431a82462861	       <section>         <h2>Log in</h2>         <form action="login.php" method="POST">           <d
views	404	314	text/html; charset=iso-8859-1		d5e11efe3b7373533e9e1eb9ea1aa23dcb23dcdbba99b2ec14ac95d18c2b05f1	404 Not Found <!DOCTYPE HTML PUBLIC "-//IETF//DTD HTML 2.0//EN"> <html><head> <title>404 Not Found</title> </head>
views/	404	315	text/html; charset=iso-8859-1		359734cf2088498ce22425234bff4c2c27031e007d18317dc332a721131407ce	404 Not Found <!DOCTYPE HTML PUBLIC "-//IETF//DTD HTML 2.0//EN"> <html><head> <title>404 Not Found</title> </head>
templates	404	318	text/html; charset=iso-8859-1		452b8ff966550b47784ea68f2dc0b0aa4daccabd09231f6cae81cb5f09ef3265	404 Not Found <!DOCTYPE HTML PUBLIC "-//IETF//DTD HTML 2.0//EN"> <html><head> <title>404 Not Found</title> </head>
templates/	404	319	text/html; charset=iso-8859-1		57723f5d32519ebe0819f9ed206bcdf1a3474fbaa96365c93395e272cafebf1c	404 Not Found <!DOCTYPE HTML PUBLIC "-//IETF//DTD HTML 2.0//EN"> <html><head> <title>404 Not Found</title> </head>
includes	403	329	text/html; charset=iso-8859-1		4a74854d777eadb48276c2f84e6ab8f7925f0c6dc85771a318c9289102b53044	403 Forbidden <!DOCTYPE HTML PUBLIC "-//IETF//DTD HTML 2.0//EN"> <html><head> <title>403 Forbidden</title> </head>
includes/	403	329	text/html; charset=iso-8859-1		4a74854d777eadb48276c2f84e6ab8f7925f0c6dc85771a318c9289102b53044	403 Forbidden <!DOCTYPE HTML PUBLIC "-//IETF//DTD HTML 2.0//EN"> <html><head> <title>403 Forbidden</title> </head>
inc	404	312	text/html; charset=iso-8859-1		7413f4cadb597f6c30c05d9481758fbe02f379fe2dfed04698517d6f1e717b5e	404 Not Found <!DOCTYPE HTML PUBLIC "-//IETF//DTD HTML 2.0//EN"> <html><head> <title>404 Not Found</title> </head>
inc/	404	313	text/html; charset=iso-8859-1		df198539be330f59e5a38f2a9447c33028d4db1f229227e611265a8255604a4e	404 Not Found <!DOCTYPE HTML PUBLIC "-//IETF//DTD HTML 2.0//EN"> <html><head> <title>404 Not Found</title> </head>
lib	404	312	text/html; charset=iso-8859-1		9ef3e047b56bad8ea1902e22d008cfd1f48df5a67ddf168afb39ed889e606aea	404 Not Found <!DOCTYPE HTML PUBLIC "-//IETF//DTD HTML 2.0//EN"> <html><head> <title>404 Not Found</title> </head>
lib/	404	313	text/html; charset=iso-8859-1		2a14996a5458de309adac1da440188887046c9c03d12e282d2673ed408130f8d	404 Not Found <!DOCTYPE HTML PUBLIC "-//IETF//DTD HTML 2.0//EN"> <html><head> <title>404 Not Found</title> </head>
src	404	312	text/html; charset=iso-8859-1		d5885624743ffc3116ba2d617bb6a1b1b315ab409cf1c637259a68b215527894	404 Not Found <!DOCTYPE HTML PUBLIC "-//IETF//DTD HTML 2.0//EN"> <html><head> <title>404 Not Found</title> </head>
src/	404	313	text/html; charset=iso-8859-1		3bc00d5cc3968ae16426e0b6ae947f3a2360baf5edf1b7d66cdcf0c189087575	404 Not Found <!DOCTYPE HTML PUBLIC "-//IETF//DTD HTML 2.0//EN"> <html><head> <title>404 Not Found</title> </head>
app	404	312	text/html; charset=iso-8859-1		ad0c12830eb2b06a47308bfa4c4929ca2cc137752b33215129695334576b181c	404 Not Found <!DOCTYPE HTML PUBLIC "-//IETF//DTD HTML 2.0//EN"> <html><head> <title>404 Not Found</title> </head>
app/	404	313	text/html; charset=iso-8859-1		ca10d1129af564cacf43ff00fe3faeba70dfe24dcb10905105b8fc94b5eeca72	404 Not Found <!DOCTYPE HTML PUBLIC "-//IETF//DTD HTML 2.0//EN"> <html><head> <title>404 Not Found</title> </head>
backup.zip	404	319	text/html; charset=iso-8859-1		511cbcbfe628980ec4bb5e4fbf9111bdcda4c793776fb94b4976bb5942248888	404 Not Found <!DOCTYPE HTML PUBLIC "-//IETF//DTD HTML 2.0//EN"> <html><head> <title>404 Not Found</title> </head>
source.zip	404	319	text/html; charset=iso-8859-1		3fdca0267ef1d82da0057cb36369b1523f0bdde320aca65604d467be2fc20e90	404 Not Found <!DOCTYPE HTML PUBLIC "-//IETF//DTD HTML 2.0//EN"> <html><head> <title>404 Not Found</title> </head>
src.zip	404	316	text/html; charset=iso-8859-1		763118b284f97fe90616fd8a04a5ad0fe783a6e8e5dc7e9011347a49615dc747	404 Not Found <!DOCTYPE HTML PUBLIC "-//IETF//DTD HTML 2.0//EN"> <html><head> <title>404 Not Found</title> </head>
www.zip	404	316	text/html; charset=iso-8859-1		a87339ab7d012d05bc1cfeb6afbd3763c2a0163cb7c39dffd3b754adc1a950c5	404 Not Found <!DOCTYPE HTML PUBLIC "-//IETF//DTD HTML 2.0//EN"> <html><head> <title>404 Not Found</title> </head>
app.zip	404	316	text/html; charset=iso-8859-1		6a01e2588a380d417dbd52864a4caff8e68a55f6eca0beea249016e384a26156	404 Not Found <!DOCTYPE HTML PUBLIC "-//IETF//DTD HTML 2.0//EN"> <html><head> <title>404 Not Found</title> </head>
dist.zip	404	317	text/html; charset=iso-8859-1		a9c402bd2d6c5c2475e0a801308a16fbb5358b98c16d4b983c16f876acaa38ff	404 Not Found <!DOCTYPE HTML PUBLIC "-//IETF//DTD HTML 2.0//EN"> <html><head> <title>404 Not Found</title> </head>
archive.zip	404	320	text/html; charset=iso-8859-1		d000264525f2536e093f16b7e81f1541bafba17bc77b171b3687bb724b52ff3c	404 Not Found <!DOCTYPE HTML PUBLIC "-//IETF//DTD HTML 2.0//EN"> <html><head> <title>404 Not Found</title> </head>
composer.json	404	322	text/html; charset=iso-8859-1		2ccf5e680d20d3bd45982dd24fd7af7e8dc9130b81b94b63d41baffca5560b93	404 Not Found <!DOCTYPE HTML PUBLIC "-//IETF//DTD HTML 2.0//EN"> <html><head> <title>404 Not Found</title> </head>
composer.lock	404	322	text/html; charset=iso-8859-1		4c16785c136391c27bf66f1187363b005ec5b9dcc11183f66fc614e2135ae0dd	404 Not Found <!DOCTYPE HTML PUBLIC "-//IETF//DTD HTML 2.0//EN"> <html><head> <title>404 Not Found</title> </head>
package.json	404	321	text/html; charset=iso-8859-1		0c11ffa6995061cc7f31b0769c6c8414343d6654757310ff9fa0b3870b817714	404 Not Found <!DOCTYPE HTML PUBLIC "-//IETF//DTD HTML 2.0//EN"> <html><head> <title>404 Not Found</title> </head>
Dockerfile	404	319	text/html; charset=iso-8859-1		7a2e605c169b1265c05470b614ff9fda21fcb42d59f1511bf68456090e1d721e	404 Not Found <!DOCTYPE HTML PUBLIC "-//IETF//DTD HTML 2.0//EN"> <html><head> <title>404 Not Found</title> </head>
docker-compose.yml	404	327	text/html; charset=iso-8859-1		3ebd36f5a348d7dcd1dfcf49b8a694533599709b2292529451920e8f02ecb47f	404 Not Found <!DOCTYPE HTML PUBLIC "-//IETF//DTD HTML 2.0//EN"> <html><head> <title>404 Not Found</title> </head>
.env	404	313	text/html; charset=iso-8859-1		529b0206291ee8313acb566fee8a79d6cfed2834feaac705f83f0c6cb4851e4b	404 Not Found <!DOCTYPE HTML PUBLIC "-//IETF//DTD HTML 2.0//EN"> <html><head> <title>404 Not Found</title> </head>
.env.bak	404	317	text/html; charset=iso-8859-1		b7571918b21a21d6fb2f7641f402bb13868607d2516763113f15c9fdf9e7675b	404 Not Found <!DOCTYPE HTML PUBLIC "-//IETF//DTD HTML 2.0//EN"> <html><head> <title>404 Not Found</title> </head>
.htaccess	403	329	text/html; charset=iso-8859-1		22ea26cb792b10fe4413d537d5400b6798fc355843cba65e2ac9628d29abf3c3	403 Forbidden <!DOCTYPE HTML PUBLIC "-//IETF//DTD HTML 2.0//EN"> <html><head> <title>403 Forbidden</title> </head>
.user.ini	404	318	text/html; charset=iso-8859-1		a51fa14e17f36374f0401f3593c70c6ab26f31e05cbabc21ebbcd996c35e2f42	404 Not Found <!DOCTYPE HTML PUBLIC "-//IETF//DTD HTML 2.0//EN"> <html><head> <title>404 Not Found</title> </head>
server-status	403	333	text/html; charset=iso-8859-1		62ddf9e72c5649cb096922b22669c642319c7e2d1b5a3c32497fa025fbcd8e06	403 Forbidden <!DOCTYPE HTML PUBLIC "-//IETF//DTD HTML 2.0//EN"> <html><head> <title>403 Forbidden</title> </head>
